﻿<?xml version="1.0" encoding="utf-8"?>
<Languages>
	<English>
		<LANGUAGE_NAME>English</LANGUAGE_NAME>
		<MB_ALREADY_RUN>This application is already running.</MB_ALREADY_RUN>
		<MB_ELCOM_REG_DLL_ERR>Cannot load 'elcom_reg.dll'.</MB_ELCOM_REG_DLL_ERR>
		<MB_FVD_DLL_ERR>Cannot load 'FileVaultDecryptor.dll'.</MB_FVD_DLL_ERR>
		<MB_DMG_DLL_ERR>Cannot load 'Dmg.dll'.</MB_DMG_DLL_ERR>
		<MB_NO_ADMIN_RULES>You should start the application as Administrator.</MB_NO_ADMIN_RULES>
		<MB_MOUNTOPTS_PORT_ERR>Not available port number.</MB_MOUNTOPTS_PORT_ERR>
		<MB_DEMO>You cannot decrypt or mount disks because it is TRIAL VERSION. Buy release version, please.</MB_DEMO>
		<MB_DEMO_SAVE_KEYS>You cannot save found keys because it is TRIAL VERSION. Buy release version, please.</MB_DEMO_SAVE_KEYS>
		<MB_DISK_TYPE_ERR1>ERROR: This type of disk is not supported.</MB_DISK_TYPE_ERR1>
		<MB_DISK_TYPE_ERR2>ERROR: This type of disk is not supported. If you are trying to decrypt 'BitLocker To Go' disk, you should do it on Windows Vista or earlier version of Windows!</MB_DISK_TYPE_ERR2>
		<MB_DISK_TYPE_ERR3>ERROR: This type of disk is not supported. System Error Code: 0x%X</MB_DISK_TYPE_ERR3>
		<MB_DISK_SUPPORT_ERR>ERROR: This type of disk is not supported (unknown encryprion algorithm).</MB_DISK_SUPPORT_ERR>
		<MB_DISK_SUPPORT_ERR1>ERROR: This type of disk is not supported.</MB_DISK_SUPPORT_ERR1>
		<MB_DISK_READ_ERR>ERROR: Failed to open '%s' for reading.</MB_DISK_READ_ERR>
		<MB_DISK_LOAD_ERR>ERROR: Cannot load disk.</MB_DISK_LOAD_ERR>
		<MB_FILE_OPEN_ERR>ERROR: Cannot open file '%s'</MB_FILE_OPEN_ERR>
		<MB_MEMORY_ERR>ERROR: Cannot allocate memory</MB_MEMORY_ERR>
		<MB_KEY_SEARCH_ERR>File '%s' does not contain appropriate key!</MB_KEY_SEARCH_ERR>
		<MB_NO_PARTITIONS>Cannot find partitions for decrypt!</MB_NO_PARTITIONS>
		<MB_KEY_NOFOUND_ERR>The found keys cannot decrypt current disk.</MB_KEY_NOFOUND_ERR>
		<MB_KEY_WRITE_ERR>Cannot write keys file.</MB_KEY_WRITE_ERR>
		<MBH_KEY_WRITE_ERR>EFDD Error</MBH_KEY_WRITE_ERR>
		<MB_DRIVEL_BYSY_ERR>Drive Letter '%s' is already busy. Would you like to use '%s' for mounting a disk?</MB_DRIVEL_BYSY_ERR>
		<MB_ENTER_REG_KEY_ERR>The Code you've entered is invalid !</MB_ENTER_REG_KEY_ERR>
		<TITLE_REGISTRATIN>Registration</TITLE_REGISTRATIN>
		<MB_FINISH_REGISTRATION>Thank you for registration !</MB_FINISH_REGISTRATION>
		<TITLE_CHECK_UPDATES>Check for Updates...</TITLE_CHECK_UPDATES>
		<MB_PRE_CHECK_UPDATES>The program is going to connect to ElcomSoft WEB site to get information about the most recent version of the program. Nothing will be sent to ElcomSoft (not even your current version number). Make sure that you're online and press OK to check for update or Cancel to decline.</MB_PRE_CHECK_UPDATES>
		<MB_UFTER_CHECK_UPDATES>New version - %s is available for download. Do you want to go to ElcomSoft website and download it ?</MB_UFTER_CHECK_UPDATES>
		<MB_LAST_VERSION>You are already using the latest version of the program.</MB_LAST_VERSION>
		<IDS_WIZARD_CHOOSE_ACTION>Please select operation mode</IDS_WIZARD_CHOOSE_ACTION>
		<IDS_WIZARD_CHOOSE_SOURCE_TYPE>Select type of data source</IDS_WIZARD_CHOOSE_SOURCE_TYPE>
		<IDS_WIZARD_INPUT_DECR_PHYS_DISK>Select encrypted disk\partition and decryption method</IDS_WIZARD_INPUT_DECR_PHYS_DISK>
		<IDS_WIZARD_CHOOSE_MD_PORTABLE>Select decrypted disk file name</IDS_WIZARD_CHOOSE_MD_PORTABLE>
		<IDS_WIZARD_EDEI_INPUT_PHYS_DISK>Select encrypted disk\partition</IDS_WIZARD_EDEI_INPUT_PHYS_DISK>
		<IDS_WIZARD_EDEI_INPUT_DISK_IMAGE>Select image of encrypted disk\partition</IDS_WIZARD_EDEI_INPUT_DISK_IMAGE>
		<IDS_WIZARD_EDEI_INPUT_CONTAINER>Select encrypted container</IDS_WIZARD_EDEI_INPUT_CONTAINER>
		<IDS_WIZARD_EDEI_SUCCESS_RESULT>Operation completed successfully. You can process another disk now.</IDS_WIZARD_EDEI_SUCCESS_RESULT>
		<IDS_WIZARD_EDEI_TC_PROPS>Select TrueCrypt volume type and encryption\hash algorithms</IDS_WIZARD_EDEI_TC_PROPS>
		<IDS_WIZARD_EDEI_VC_PROPS>Select VeraCrypt volume type, encryption and hash algorithms</IDS_WIZARD_EDEI_VC_PROPS>
		<IDS_WIZARD_EDEI_CHOOSE_TC_VC>Select encrypted disk type</IDS_WIZARD_EDEI_CHOOSE_TC_VC>
		<MB_EDEI_DISK_CORRUPTED>ERROR: Disk is corrupted. The program cannot load it.</MB_EDEI_DISK_CORRUPTED>
		<MB_EDEI_SAVE_ERROR>Cannot save data to file '%s'.</MB_EDEI_SAVE_ERROR>
		<MB_EDEI_NO_PSW>Current disk is not protected with password.&#10;Password search is not possible.</MB_EDEI_NO_PSW>
		<MB_EDEI_VC_PIM_MAX_VAL>The maximum value of Personal Iterations Multiplier (PIM) is 2147468.</MB_EDEI_VC_PIM_MAX_VAL>
		<MB_REQUIRES_VERSION_ERROE>The program requires Windows 7 or later</MB_REQUIRES_VERSION_ERROE>
		<MB_MEMDMP_PROCESS_ERROR>Error dumping memory.</MB_MEMDMP_PROCESS_ERROR>
		<IDS_WIZARD_INPUT_DECR_DISK_IMAGE>Select image of encrypted disk\partition and decryption method</IDS_WIZARD_INPUT_DECR_DISK_IMAGE>
		<IDS_WIZARD_INPUT_DECR_CONTAINER>Select encrypted container and decryption method</IDS_WIZARD_INPUT_DECR_CONTAINER>
		<IDS_WIZARD_INPUT_EXTRACT>Key mining options</IDS_WIZARD_INPUT_EXTRACT>
		<IDS_WIZARD_PROCESS_EXTRACT>Key extraction process</IDS_WIZARD_PROCESS_EXTRACT>
		<IDS_WIZARD_RESULT_EXTRACT>Key extraction results</IDS_WIZARD_RESULT_EXTRACT>
		<IDS_WIZARD_PROCESS_ENCRYPT>Disk decryption process</IDS_WIZARD_PROCESS_ENCRYPT>
		<IDS_WIZARD_CHOSE_MD>Select 'Mount' or 'Decrypt Disk' operation</IDS_WIZARD_CHOSE_MD>
		<IDS_WIZARD_MOUNT_DISK>Mounting disk</IDS_WIZARD_MOUNT_DISK>
		<IDS_WIZARD_MEMORY_DUMPER>Creating the memory dump</IDS_WIZARD_MEMORY_DUMPER>
		<IDS_WIZARD_CHOOSE_TC_DISK_TYPE>Select type of TrueCrypt disk</IDS_WIZARD_CHOOSE_TC_DISK_TYPE>
		<IDS_WIZARD_BL_KEY_EXTR_FROM_AD_PROCESS>BitLocker key extraction process</IDS_WIZARD_BL_KEY_EXTR_FROM_AD_PROCESS>
		<IDS_WIZARD_CREATE_PORTABLE>Creating the portable version</IDS_WIZARD_CREATE_PORTABLE>
		<IDS_WIZARD_ACRONIS_SZ_RESULT>Result of protection data extraction for Acronis Secure Zone</IDS_WIZARD_ACRONIS_SZ_RESULT>
		<AFX_ISD_APP_TITLE_TRIAL>Elcomsoft Forensic Disk Decryptor &lt;TRIAL VERSION&gt;</AFX_ISD_APP_TITLE_TRIAL>
		<PageChooseAction1>Decrypt or mount disk by providing memory image, decryption key, known disk password or recovery key</PageChooseAction1>
		<PageChooseAction2>Exctract cryptographic keys from memory image</PageChooseAction2>
		<PageChooseAction3>Decrypt or mount disk</PageChooseAction3>
		<PageChooseAction4>Extract keys</PageChooseAction4>
		<PageChooseAction5>Extract/prepare data for further password recovery</PageChooseAction5>
		<PageChooseAction6>Extract data for further password recovery in Elcomsoft Distributed Password Recovery</PageChooseAction6>
		<PageChooseAction7>Dump physical memory</PageChooseAction7>
		<PageChooseAction8>Dump memory of current Windows system for further searching for encryption keys (requires Administrator privileges)</PageChooseAction8>
		<PageChooseAction9>Create portable version</PageChooseAction9>
		<PageChooseAction10>Create portable version to run the program from removable media</PageChooseAction10>
		<Languages_Menu>Languages</Languages_Menu>
		<Text1>BEGIN KEYS SEARCH</Text1>
		<Text2>END SEARCHING</Text2>
		<Text3>Search result:</Text3>
		<Text4>Keys not found</Text4>
		<Text5>ERROR: Failed to open '%s' for reading.</Text5>
		<Text6>The process of key extraction was broken...</Text6>
		<Text7>ERROR: Cannot open memory file.</Text7>
		<Text8>ERROR: Encryption algorithms were not selected.</Text8>
		<Text9> - analyzing hibernation file</Text9>
		<Text10>ERROR: Cannot analyze hibernation file.</Text10>
		<Text11> - decryption hibernation file</Text11>
		<Text12>ERROR: Cannot decrypt hibernation file.</Text12>
		<Text13>ERROR: Hibernation file is damaged.</Text13>
		<Text14>ERROR: Failed to open '%s' for reading [File size is zero].</Text14>
		<Text15>Open the disk in Windows Explorer.</Text15>
		<Text16>Time: %d seconds.</Text16>
		<Text17>BEGIN DECRYPTION</Text17>
		<Text18>END DECRYPTION</Text18>
		<Text19>The process of disk decryption was broken...</Text19>
		<Text20>ERROR: Found keys cannot decrypt current disk.</Text20>
		<Text21>Decryption method:</Text21>

		<Text22></Text22>

		<Text23>Get Full Version!</Text23>

		<Text26>Mounting disk process...</Text26>
		<Text27>Unmounting disk process...</Text27>
		<Text30>DISK MOUNTED</Text30>
		<Text31>ERROR: Server error.</Text31>
		<Text32>Statistics of encryption process:</Text32>
		<Text36>Input memory file</Text36>
		<Text39>Extracted keys:</Text39>
		<Text40>Click 'Next>' button to save Keys.</Text40>
		<Text41>Mounting Process Information:</Text41>
		<Text42>Drive Letter:</Text42>
		<Text43>Port Number:</Text43>
		<Text45>ERROR: Cannot create TCP/IP Server.</Text45>
		<Text46>ERROR: Cannot mount disk.</Text46>
		<Text47>ERROR: Cannot unmount disk.</Text47>
		<Text48>DISK UNMOUNTED</Text48>
		<Text49>ERROR: Cannot run unmount process.</Text49>
		<Text50>ERROR: Cannot update drive letter.</Text50>
		<Text51>ERROR: Cannot run mount process.</Text51>
		<Text52>Unmount</Text52>
		<Text53>Mounting is impossible, because application cannot connect to ImDisk.</Text53>
		<Text54>*The Key for data decryption was found!</Text54>
		<Text57>Your disk is decrypted and saved as</Text57>
		<Text58>ERROR: No key(s) for disk decryption.</Text58>
		<Text59>Cannot save image of the decrypted disk.</Text59>
		<Text60>ERROR: Internal product error.</Text60>
		<Text61>ERROR: Failed to create a file with image of the decryted disk.</Text61>
		<Text62>Decrypted disk file name:</Text62>
		<Text63>Save matching key(s)</Text63>
		<Text64>Select the disk encryption type(s) to search the keys for:</Text64>
		<Text65>Help</Text65>
		<Text66>Help contents</Text66>
		<Text67>Support</Text67>
		<Text68>Check for Updates...</Text68>
		<Text69>Register your copy online</Text69>
		<Text70>Enter Registration Code</Text70>
		<Text71>About</Text71>
		<Text72>Memory dump</Text72>
		<Text73>Hibernation file</Text73>
		<Text74>Browse...</Text74>
		<Text75>Check all</Text75>
		<Text76>Uncheck all</Text76>
		<Text77>Statistics:</Text77>
		<Text78>Stop</Text78>
		<Text79>Progress: </Text79>
		<Text80>Algorithm: </Text80>
		<Text81>Key data (hex): </Text81>
		<Text82>Starting hibernation file extraction:</Text82>
		<Text83>End of hibernation file extraction</Text83>
		<Text84>Restart</Text84>
		<Text85>Container</Text85>
		<Text86>encrypted disk</Text86>
		<Text87>incl.</Text87>
		<Text88>Disk</Text88>
		<Text89>Encryption</Text89>
		<Text90>Analyze disks</Text90>
		<Text91>Saved keys</Text91>
		<Text92>Data source:</Text92>
		<Text93>Active Directory file</Text93>
		<Text94>Decrypt Disk</Text94>
		<Text95>Mount Disk</Text95>
		<Text96>Recovery key</Text96>
		<Text97>copy</Text97>	
		<Text98>Partition</Text98>
		<Text99>Mounting Options</Text99>
		<Text100>TCP/IP Address:</Text100>
		<Text101>Options...</Text101>
		<Text102>Mount</Text102>
		<Text103>Creating TCP/IP Server...</Text103>
		<Text104>TCP/IP Port:</Text104>
		<Text105>Status:</Text105>
		<Text106>Trial</Text106>
		<Text107>Version</Text107>
		<Text108>build</Text108>
		<Text109>Limited Evaluation Version. Press 'Get Full Version' link to obtain the License.</Text109>
		<Text110>Registered</Text110>
		<Text111>Look at other Products we have</Text111>
		<Text112>Open ElcomSoft Co.Ltd. Website</Text112>
		<Text113>Copyright (C) 1999-2022 ElcomSoft Co. Ltd.</Text113>
		<Text114>Select Volume/Device</Text114>
		<Text115>DEVICE/VOLUME</Text115>
		<Text116>DRIVE</Text116>
		<Text117>DRIVE TYPE</Text117>
		<Text118>Size</Text118>
		<Text119>PhysicalDrive</Text119>
		<Text120>Volume</Text120>
		<Text121>drive fixed</Text121>
		<Text122>drive removable</Text122>
		<Text123>Volume Master Key</Text123>
		<Text124>Volume Master Keys</Text124>
		<Text125>encrypted system disk</Text125>
		<Text126>The password you typed is not correct.</Text126>
		<Text127>Data source not loaded</Text127>
		<Text128>Whole disc</Text128>
		<Text129>Recovery key</Text129>
		<Text130>Refresh</Text130>
		<Text131>The recovery key you typed is not correct.</Text131>
		<Text132>Physical disk\partition</Text132>
		<Text133>Image file of disk\partition</Text133>
		<Text134>Password</Text134>
		<Text135>Current disk is not protected with password.</Text135>
		<Text136>Password related information has been extracted successfully and saved into '%s' file.</Text136>
		<Text137>TrueCrypt volume type:</Text137>
		<Text138>Standard</Text138>
		<Text139>Hidden (standard or system)</Text139>
		<Text140>System</Text140>
		<Text141>Encryption algorithms:</Text141>
		<Text142>Hash algorithms:</Text142>
		<Text143>Specify the used encryption options to make password recovery faster. If you do not know for sure, leave the option 'Select all'.</Text143>
		<Text144>Hidden</Text144>
		<Text145>Select output file path:</Text145>
		<Text146>Start</Text146>
		<Text147>Processed: %i of %i %s</Text147>
		<Text148>Process has been finished successfully; dump has been saved into %s file</Text148>
		<Text149>Process has been terminated</Text149>
		<Text150>Process has been finished successfully</Text150>
		<Text151>Process is not running</Text151>
		<Text152>The container may contain hidden volume.&#10;Enter its password to access.</Text152>
		<Text153>TrueCrypt/VeraCrypt hidden disk</Text153>
		<Text154>Hidden</Text154>
		<Text155>The disk/volume may contain hidden volume.&#10;Enter its password to access.</Text155>
		<Text156>The disk is not completely encrypted. The program does not support such disks.</Text156>
		<Text157>Current disk is not protected with recovery key.</Text157>
		<Text158>Generate log</Text158>
		<Text159>iCloud recovery token</Text159>
		<Text160>Selected disk does not have iCloud recovery option set.</Text160>
		<Text161>Wrong recovery key is selected.</Text161>
		<Text162>Local recovery key</Text162>
		<Text163>Select output folder (must be empty):</Text163>
		<Text164>ERROR: Failed to copy file '%s' to '%s'.</Text164>
		<Text165>ERROR: Failed to create file '%s'.</Text165>
		<Text166>Processed</Text166>
		<Text167>ERROR: Failed to write file '%s'.</Text167>
		<Text168>The folder you selected is not exist or not empty. Select an empty folder, please.</Text168>
		<Text169>Are you sure you want to close the program?</Text169>
		<Text170>Exit</Text170>
		<Text171>VeraCrypt volume type:</Text171>
		<Text172>Please wait...&#10;The password is either not a TrueCrypt password or it is wrong. The program tries to check it for VeraCrypt now. This process may take some time.</Text172>
		<Text173>Cancel</Text173>
		<Text174>The decrypted disk can not be mounted because there are no available disk letters in the system.</Text174>
		<Text175>There are no available disk letters in the system.</Text175>
		<Text176>Disk scanning...</Text176>
		<Text177>Disk image scanning...</Text177>
		<Text178>Calculation of physical memory size.</Text178>
		<Text179>Detection of disk free space.</Text179>
		<Text180>There are not enough free space on your disk for save dump of physical memory.</Text180>
		<Text181>&lt; Back</Text181>
		<Text182>Next &gt;</Text182>
		<Text183>Help</Text183>
		<Text184>Select all</Text184>
		<Text185>(Int.)</Text185>
		<Text186>(Ext.)</Text186>
		<Text187>File system</Text187>
		<Text188>PIM</Text188>
		<Text189>Learn more about PIM</Text189>
		<Text190>Secret question</Text190>
		<Text191>Answer</Text191>
		<Text192>Copy all</Text192>
		<Text193>The program can't read protection info for Acronis Secure Zone.</Text193>

		<Text194>keep it empty for default value</Text194>
		<Text195>for VeraCrypt only</Text195>

	</English>
	<Russian>
		<LANGUAGE_NAME>Русский</LANGUAGE_NAME>
		<MB_ALREADY_RUN>Это приложение уже запущено.</MB_ALREADY_RUN>
		<MB_ELCOM_REG_DLL_ERR>Невозможно загрузить 'elcom_reg.dll'.</MB_ELCOM_REG_DLL_ERR>
		<MB_FVD_DLL_ERR>Невозможно загрузить 'FileVaultDecryptor.dll'.</MB_FVD_DLL_ERR>
		<MB_DMG_DLL_ERR>Невозможно загрузить 'Dmg.dll'.</MB_DMG_DLL_ERR>
		<MB_NO_ADMIN_RULES>Приложение должно быть запущено с правами Администратора.</MB_NO_ADMIN_RULES>
		<MB_MOUNTOPTS_PORT_ERR>Недоступный номер порта.</MB_MOUNTOPTS_PORT_ERR>
		<MB_DEMO>Невозможно расшифровать или подмонтировать диск из-за ограничений ознакомительной версии; пожалуйста, приобретите лицензию.</MB_DEMO>
		<MB_DEMO_SAVE_KEYS>Невозможно сохранить найденные ключи из-за ограничений ознакомительной версии; пожалуйста, приобретите лицензию.</MB_DEMO_SAVE_KEYS>
		<MB_DISK_TYPE_ERR1>ОШИБКА: Этот тип дисков не поддерживается.</MB_DISK_TYPE_ERR1>
		<MB_DISK_TYPE_ERR2>ОШИБКА: Этот тип дисков не поддерживается. Если вы пытаетесь расшифровать диск 'BitLocker To Go', необходимо использовать Windows Vista или более раннюю версию Windows!</MB_DISK_TYPE_ERR2>
		<MB_DISK_TYPE_ERR3>ОШИБКА: Этот тип дисков не поддерживается. Код ошибки: 0x%X</MB_DISK_TYPE_ERR3>
		<MB_DISK_SUPPORT_ERR>ОШИБКА: Этот тип диска не поддерживается (неизвестный алгоритм шифрования).</MB_DISK_SUPPORT_ERR>
		<MB_DISK_SUPPORT_ERR1>ОШИБКА: Этот тип диска не поддерживается.</MB_DISK_SUPPORT_ERR1>
		<MB_DISK_READ_ERR>ОШИБКА: Не получается открыть '%s' для чтения.</MB_DISK_READ_ERR>
		<MB_DISK_LOAD_ERR>ОШИБКА: Невозможно загрузить диск.</MB_DISK_LOAD_ERR>
		<MB_FILE_OPEN_ERR>ОШИБКА: Невозможно открыть файл '%s'</MB_FILE_OPEN_ERR>
		<MB_MEMORY_ERR>ОШИБКА: Невозможно выделить память</MB_MEMORY_ERR>
		<MB_KEY_SEARCH_ERR>ФАйл '%s' не содержит нужный ключ!</MB_KEY_SEARCH_ERR>
		<MB_NO_PARTITIONS>Невозможно найти разделы для расшифровки!</MB_NO_PARTITIONS>
		<MB_KEY_NOFOUND_ERR>Найденные ключи не могут расшифровать выбранный диск.</MB_KEY_NOFOUND_ERR>
		<MB_KEY_WRITE_ERR>Невозможно записать файл с ключами.</MB_KEY_WRITE_ERR>
		<MBH_KEY_WRITE_ERR>Ошибка EFDD</MBH_KEY_WRITE_ERR>
		<MB_DRIVEL_BYSY_ERR>Буква диска '%s' уже занята. Хотите использовать '%s' для монтирования?</MB_DRIVEL_BYSY_ERR>
		<MB_ENTER_REG_KEY_ERR>Введённый код не валиден !</MB_ENTER_REG_KEY_ERR>
		<TITLE_REGISTRATIN>Регистрация</TITLE_REGISTRATIN>
		<MB_FINISH_REGISTRATION>Спасибо за регистрацию !</MB_FINISH_REGISTRATION>
		<TITLE_CHECK_UPDATES>Проверка обновлений...</TITLE_CHECK_UPDATES>
		<MB_PRE_CHECK_UPDATES>Программа подключится к серверу Элкомсофт для получения информации о новых версиях. Никакие данные с этого компьютера (даже номер установленной версии) не отсылаются. Убедитесь, что вы подключены к Интернет и нажмите ОК для проверки обновлений.</MB_PRE_CHECK_UPDATES>
		<MB_UFTER_CHECK_UPDATES>Новая версия - %s доступна для скачивания. Хотите посетить сайт Элкомсофт, чтобы загрузить её ?</MB_UFTER_CHECK_UPDATES>
		<MB_LAST_VERSION>Вы используете самую свежую версию программы.</MB_LAST_VERSION>
		<IDS_WIZARD_CHOOSE_ACTION>Выберите режим работы</IDS_WIZARD_CHOOSE_ACTION>
		<IDS_WIZARD_CHOOSE_SOURCE_TYPE>Выберите тип входных данных</IDS_WIZARD_CHOOSE_SOURCE_TYPE>
		<IDS_WIZARD_INPUT_DECR_PHYS_DISK>Выберите зашифрованный диск\раздел и метод расшифровки</IDS_WIZARD_INPUT_DECR_PHYS_DISK>
		<IDS_WIZARD_CHOOSE_MD_PORTABLE>Выберите имя файла для сохранения дешифрованного диска</IDS_WIZARD_CHOOSE_MD_PORTABLE>
		<IDS_WIZARD_EDEI_INPUT_PHYS_DISK>Выберите зашифрованный диск\раздел</IDS_WIZARD_EDEI_INPUT_PHYS_DISK>
		<IDS_WIZARD_EDEI_INPUT_DISK_IMAGE>Выберите образ зашифрованного диска\раздела</IDS_WIZARD_EDEI_INPUT_DISK_IMAGE>
		<IDS_WIZARD_EDEI_INPUT_CONTAINER>Выберите зашифрованный контейнер</IDS_WIZARD_EDEI_INPUT_CONTAINER>
		<IDS_WIZARD_EDEI_SUCCESS_RESULT>Операция завершена успешно. Тьаперь можно обрабатывать другой диск.</IDS_WIZARD_EDEI_SUCCESS_RESULT>
		<IDS_WIZARD_EDEI_TC_PROPS>Выберите тип диска TrueCrypt и алгоритмы шифрования\хэширования</IDS_WIZARD_EDEI_TC_PROPS>
		<IDS_WIZARD_EDEI_VC_PROPS>Выберите тип диска VeraCrypt, алгоритмы шифрования и хэширования</IDS_WIZARD_EDEI_VC_PROPS>
		<IDS_WIZARD_EDEI_CHOOSE_TC_VC>Выберите тип зашифрованного диска</IDS_WIZARD_EDEI_CHOOSE_TC_VC>
		<MB_EDEI_DISK_CORRUPTED>ОШИБКА: Диск повреждён. Программа не может его загрузить.</MB_EDEI_DISK_CORRUPTED>
		<MB_EDEI_SAVE_ERROR>Невозможно загрузить данные в файл '%s'.</MB_EDEI_SAVE_ERROR>
		<MB_EDEI_NO_PSW>Текущий диск не защищён паролем.&#10;Поиск пароля невозможен.</MB_EDEI_NO_PSW>
		<MB_EDEI_VC_PIM_MAX_VAL>Максимально допустимое значение PIM 2147468.</MB_EDEI_VC_PIM_MAX_VAL>
		<MB_REQUIRES_VERSION_ERROE>Программа требует Windows 7 илди более новую версию</MB_REQUIRES_VERSION_ERROE>
		<MB_MEMDMP_PROCESS_ERROR>Ошибка сохранения образа памяти.</MB_MEMDMP_PROCESS_ERROR>
		<IDS_WIZARD_INPUT_DECR_DISK_IMAGE>Выберите образ зашифрованного диска\раздела и метод расшифровки</IDS_WIZARD_INPUT_DECR_DISK_IMAGE>
		<IDS_WIZARD_INPUT_DECR_CONTAINER>Выберите зашифрованный контейнер и метод расшифровки</IDS_WIZARD_INPUT_DECR_CONTAINER>
		<IDS_WIZARD_INPUT_EXTRACT>Настройки поиска ключей</IDS_WIZARD_INPUT_EXTRACT>
		<IDS_WIZARD_PROCESS_EXTRACT>Процесс поиска ключей</IDS_WIZARD_PROCESS_EXTRACT>
		<IDS_WIZARD_RESULT_EXTRACT>Результаты поиска ключей</IDS_WIZARD_RESULT_EXTRACT>
		<IDS_WIZARD_PROCESS_ENCRYPT>Процесс расшифровки диска</IDS_WIZARD_PROCESS_ENCRYPT>
		<IDS_WIZARD_CHOSE_MD>Выберите 'Монтировать' или 'Расшифровать диск'</IDS_WIZARD_CHOSE_MD>
		<IDS_WIZARD_MOUNT_DISK>Монтирование диска</IDS_WIZARD_MOUNT_DISK>
		<IDS_WIZARD_MEMORY_DUMPER>Создание образа памяти</IDS_WIZARD_MEMORY_DUMPER>
		<IDS_WIZARD_CHOOSE_TC_DISK_TYPE>Выберите тип диска TrueCrypt</IDS_WIZARD_CHOOSE_TC_DISK_TYPE>
		<IDS_WIZARD_BL_KEY_EXTR_FROM_AD_PROCESS>Процесс извлечения ключа BitLocker</IDS_WIZARD_BL_KEY_EXTR_FROM_AD_PROCESS>
		<IDS_WIZARD_CREATE_PORTABLE>Создание автономной версии</IDS_WIZARD_CREATE_PORTABLE>
		<IDS_WIZARD_ACRONIS_SZ_RESULT>Результат извлечения данных защиты для Acronis Secure Zone</IDS_WIZARD_ACRONIS_SZ_RESULT>
		<AFX_ISD_APP_TITLE_TRIAL>Elcomsoft Forensic Disk Decryptor &lt;ПРОБНАЯ ВЕРСИЯ&gt;</AFX_ISD_APP_TITLE_TRIAL>
		<PageChooseAction1>Расшифровка или монтирование диска с помощью образа памяти, ключа, известного пароля или ключа восстановления</PageChooseAction1>
		<PageChooseAction2>Извлечение ключей шифрования из образа памяти</PageChooseAction2>
		<PageChooseAction3>Расшифровать или монтировать диск</PageChooseAction3>
		<PageChooseAction4>Поиск ключей</PageChooseAction4>
		<PageChooseAction5>Извлечь данные для дальнейшего восстановления пароля</PageChooseAction5>
		<PageChooseAction6>Извлечь данные для дальнейшего восстановления пароля в Elcomsoft Distributed Password Recovery</PageChooseAction6>
		<PageChooseAction7>Создать образ памяти</PageChooseAction7>
		<PageChooseAction8>Создать образ физической памяти текущей системы для дальнейшего поиска ключей шифрования (требуются привилегии Администратора)</PageChooseAction8>
		<PageChooseAction9>Создать автономную версию</PageChooseAction9>
		<PageChooseAction10>Создать автономную версию для запуска с внешних носителей</PageChooseAction10>
		<Languages_Menu>Языки</Languages_Menu>
		<Text1>НАЧАЛО ПОИСКА КЛЮЧЕЙ</Text1>
		<Text2>ПОИСК КЛЮЧЕЙ ЗАВЕРШЕН</Text2>
		<Text3>Результат поиска:</Text3>
		<Text4>Ключи не найдены</Text4>
		<Text5>ОШИБКА: Не получилось открыть '%s' для чтения.</Text5>
		<Text6>Процесс извлечения ключа прерван...</Text6>
		<Text7>ОШИБКА: Невозможно открыть образ памяти.</Text7>
		<Text8>ОШИБКА: Алгоритмы шифрования не выбраны.</Text8>
		<Text9> - анализ файла гибернации</Text9>
		<Text10>ОШИБКА: Невозможно проанализировать файл гибернации.</Text10>
		<Text11> - расшифровка файла гибернации</Text11>
		<Text12>ОШИБКА: Невозможно расшифровать файл гибернации.</Text12>
		<Text13>ОШИБКА: Файл гибернации повреждён.</Text13>
		<Text14>ОШИБКА: Невозможно открыть '%s' для чтения [Файл пустой].</Text14>
		<Text15>Открыть диск в Проводнике.</Text15>
		<Text16>Время: %d секунд.</Text16>
		<Text17>НАЧАЛО РАСШИФРОВКИ</Text17>
		<Text18>КОНЕЦ РАСШИФРОВКИ</Text18>
		<Text19>Процесс расшифровки диска прерван...</Text19>
		<Text20>ОШИБКА: Найденные ключи не могут расшифровать текущий диск.</Text20>
		<Text21>Метод расшифровки:</Text21>

		<Text22></Text22>

		<Text23>Получить полную версию!</Text23>
		<Text26>Процесс монтирования диска...</Text26>
		<Text27>Процесс размонтирования диска...</Text27>
		<Text30>ДИСК ПОДМОНТИРОВАН</Text30>
		<Text31>ОШИБКА: Ошибка сервера.</Text31>
		<Text32>Статистика процесса расшифровки:</Text32>
		<Text36>Входной файл образа памяти</Text36>
		<Text39>Найденные ключи:</Text39>
		<Text40>Нажмите 'Далее>' для сохранения ключей.</Text40>
		<Text41>Информация о процессе монтирования:</Text41>
		<Text42>Буква диска:</Text42>
		<Text43>Номер порта:</Text43>
		<Text45>ОШИБКА: Невозможно поднять сервер TCP/IP.</Text45>
		<Text46>ОШИБКА: Невозможно подмонтировать диск.</Text46>
		<Text47>ОШИБКА: Невозможно размонтировать диск.</Text47>
		<Text48>ДИСК РАЗМОНТИРОВАН</Text48>
		<Text49>ОШИБКА: Невозможно запустить процесс размонтирования.</Text49>
		<Text50>ОШИБКА: Невозможно обновить букву диска.</Text50>
		<Text51>ОШИБКА: Невозмодно запустить пролцесс размонтирования.</Text51>
		<Text52>Размонтировать</Text52>
		<Text53>Монтирование невозможно, поскольку приложение не может подключиться к ImDisk.</Text53>
		<Text54>*Найден ключ для расшифровки данных!</Text54>
		<Text57>Диск расшифрован и сохранён как</Text57>
		<Text58>ОШИБКА: Нет ключей для расшифровки диска.</Text58>
		<Text59>Невозможно сохранить образ расшифрованного диска.</Text59>
		<Text60>ОШИБКА: Внутренняя ошибка продукта.</Text60>
		<Text61>ОШИБКА: Невозхможно создать файл с образом расшифрованного диска.</Text61>
		<Text62>Имя для расшифрованного диска:</Text62>
		<Text63>Сохранить подходящие ключи</Text63>
		<Text64>Выберите типы дисков, для которых искать ключи:</Text64>
		<Text65>Помощь</Text65>
		<Text66>Оглавление</Text66>
		<Text67>Поддержка</Text67>
		<Text68>Проверить обновления...</Text68>
		<Text69>Зарегистрировать продукт</Text69>
		<Text70>Введите регистрационный код</Text70>
		<Text71>О программе</Text71>
		<Text72>Образ памяти</Text72>
		<Text73>Файл гибернации</Text73>
		<Text74>Выбрать...</Text74>
		<Text75>Выбрать все</Text75>
		<Text76>Снять выделение</Text76>
		<Text77>Статистика:</Text77>
		<Text78>Стоп</Text78>
		<Text79>Прогресс: </Text79>
		<Text80>Алгоритм: </Text80>
		<Text81>Данные ключа (hex): </Text81>
		<Text82>Начало извлечения файла гибернации:</Text82>
		<Text83>Конец извлечения файла гибернации</Text83>
		<Text84>Рестарт</Text84>
		<Text85>Контейнер</Text85>
		<Text86>зашифрованный диск</Text86>
		<Text87>вкл.</Text87>
		<Text88>Диск</Text88>
		<Text89>Шифрование</Text89>
		<Text90>Анализ дисков</Text90>
		<Text91>Сохранённые ключи</Text91>
		<Text92>Источник данных:</Text92>
		<Text93>Файл Active Directory</Text93>
		<Text94>Расшифровать Диск</Text94>
		<Text95>Смонтировать Диск</Text95>
		<Text96>Ключ восстановления</Text96>
		<Text97>копировать</Text97>	
		<Text98>Раздел</Text98>
		<Text99>Параметры монтирования</Text99>
		<Text100>Адрес TCP/IP:</Text100>
		<Text101>Настройки...</Text101>
		<Text102>Монтировать</Text102>
		<Text103>Создание сервера TCP/IP...</Text103>
		<Text104>Порт TCP/IP:</Text104>
		<Text105>Статус:</Text105>
		<Text106>Пробная</Text106>
		<Text107>Версия</Text107>
		<Text108>билд</Text108>
		<Text109>Ограниченная ознакомительная версия. Нажмите ссылку 'Получить полную версию' для получения Лицензии.</Text109>
		<Text110>Зарегистрировано</Text110>
		<Text111>Посмотреть другие продукты Элкомсофт</Text111>
		<Text112>Открыть сайт ElcomSoft Co.Ltd.</Text112>
		<Text113>Copyright (C) 1999-2022 ElcomSoft Co. Ltd.</Text113>
		<Text114>Выбрать Раздел/Устройство</Text114>
		<Text115>УСТРОЙСТВО/РАЗДЕЛ</Text115>
		<Text116>ДИСК</Text116>
		<Text117>ТИП ДИСКА</Text117>
		<Text118>Размер</Text118>
		<Text119>ФизическийДиск</Text119>
		<Text120>Раздел</Text120>
		<Text121>фиксированный диск</Text121>
		<Text122>внешний диск</Text122>
		<Text123>Мастер-ключ тома</Text123>
		<Text124>Мастер-ключи тома</Text124>
		<Text125>зашифрованный системный диск</Text125>
		<Text126>Введённый пароль некорректен.</Text126>
		<Text127>Источник данных не загружен</Text127>
		<Text128>Диск целиком</Text128>
		<Text129>Ключ восстановления</Text129>
		<Text130>Обновить</Text130>
		<Text131>Введённый ключ восстановления некорректен.</Text131>
		<Text132>Физический диск\ раздел</Text132>
		<Text133>Файл-образ диска\ раздела</Text133>
		<Text134>Пароль</Text134>
		<Text135>Текущий диск не защищён паролем.</Text135>
		<Text136>Данные о пароле и шифровании успешно извлечены и сохранены в файл '%s'.</Text136>
		<Text137>Тип тома TrueCrypt:</Text137>
		<Text138>Стандартный</Text138>
		<Text139>Скрытый (стандартный или системный)</Text139>
		<Text140>Системный</Text140>
		<Text141>Алгоритмы шифрования:</Text141>
		<Text142>Алгоритмы хэширования:</Text142>
		<Text143>Укажите используемые параметры шифрования, чтобы ускорить восстановление пароля. Если вы точно не знаете, оставьте опцию 'Выбрать все'.</Text143>
		<Text144>Скрытый</Text144>
		<Text145>Выберите путь для сохранения:</Text145>
		<Text146>Запуск</Text146>
		<Text147>Обработано: %i из %i %s</Text147>
		<Text148>Процесс закончен успешно; дамп сохранён в файл %s</Text148>
		<Text149>Процесс был прерван</Text149>
		<Text150>Процесс закончился успешно</Text150>
		<Text151>Процесс не запущен</Text151>
		<Text152>The container may contain hidden volume.&#10;Enter its password to access.</Text152>
		<Text153>Скрытый диск TrueCrypt/VeraCrypt</Text153>
		<Text154>Скрытый</Text154>
		<Text155>Диск/том может содержать скрытый раздел.&#10;Введите пароль для доступа.</Text155>
		<Text156>Диск зашифрован не полностью. Программа не поддерживает такие диски.</Text156>
		<Text157>Текущий диск не защищён ключом восстановления.</Text157>
		<Text158>Создать журнал</Text158>
		<Text159>Токен восстановления iCloud</Text159>
		<Text160>Для выбранного диска нет опции восстановления через iCloud.</Text160>
		<Text161>Выбран неверный ключ восстановления.</Text161>
		<Text162>Ключ восстановления</Text162>
		<Text163>Выбрать папку для записи (должна быть пустой):</Text163>
		<Text164>ОШИБКА: Не удалось скопировать '%s' в '%s'.</Text164>
		<Text165>ОШИБКА: Не удалось создать '%s'.</Text165>
		<Text166>Обработано</Text166>
		<Text167>ОШИБКА: Не удалось записать файл '%s'.</Text167>
		<Text168>Выбранная папка не существует или не пустая. Выберите пустую папку, пожалуйста.</Text168>
		<Text169>Вы уверены, что хотите закрыть программу?</Text169>
		<Text170>Выход</Text170>
		<Text171>Тип тома VeraCrypt:</Text171>
		<Text172>Ждите...&#10;Данный пароль не является паролем TrueCrypt или он неверный. Сейчас программа пытается проверить его на VeraCrypt. Этот процесс может занять некоторое время.</Text172>
		<Text173>Отмена</Text173>
		<Text174>Расшифрованный диск не может быть смонтирован, так как в системе нет доступных букв дисков.</Text174>
		<Text175>В системе нет доступных букв дисков.</Text175>
		<Text176>Сканирование диска...</Text176>
		<Text177>Сканирование образа диска...</Text177>
		<Text178>Подсчет объема оперативной памяти.</Text178>
		<Text179>Определение свободного места на диске.</Text179>
		<Text180>На вашем диске недостаточно свободного места для сохранения дампа оперативной памяти.</Text180>
		<Text181>&lt; Назад</Text181>
		<Text182>Далее &gt;</Text182>
		<Text183>Справка</Text183>
		<Text184>Выбрать все</Text184>
		<Text185>(Внутр.)</Text185>
		<Text186>(Внешн.)</Text186>
		<Text187>Файловая система</Text187>
		<Text188>PIM</Text188>
		<Text189>Узнать больше о PIM</Text189>
		<Text190>Секретный вопрос</Text190>
		<Text191>Ответ</Text191>
		<Text192>Копировать все</Text192>
		<Text193>Программа не может прочитать информацию о защите Acronis Secure Zone.</Text193>

		<Text194>оставьте его пустым для значения по умолчанию</Text194>
		<Text195>только для VeraCrypt</Text195>

	</Russian>
</Languages>



